"Date / Time","City","State","Shape","Duration","Summary","Posted"
"12/31/75 22:30","Lisle","IL","Light","2 MINUTES","December 31st, 1975. It was maybe around 10:30 pm. My husband (noW ex-husband) and I had been working in Westmont. We were headed to hi","6/3/10"
"12/31/75 19:30","Webb","MS","Disk","approx 5 mins","My wife and myself were traveling to a friends house for a new years party. We started from Coffeville Missisippi on State Road 32 via","6/18/04"
"12/26/75 20:00","New Britghton","MN","Sphere","8 minutes","bright light then red blue green lights came on then took off dim lights so fast in south east of state","2/7/14"
"12/25/75 23:00","Tampa","FL","Triangle","5 minutes","Zig Zagging Star Over Tampa Florida","6/2/13"
"12/24/75 21:00","Winters Freeway","CA","Rectangle","2to 3 hours","i lost about 2 to 3 hours  when i drove off i felt sad almost in tears like i lost a dear friend,,,","12/12/09"
"12/23/75 02:00","Bowie","AZ","Oval","10 Minutes","This goes back a long way to December 1975. For obvious reasons I never reported it. Traveling cross country from Houston TX, to San Di","2/24/07"
"12/21/75 19:00","North Attleboro","MA","Sphere","15 minutes","Outline of the craft clearly seen, rotating lights, no noise, slowly moving south","12/20/00"
"12/20/75 21:00","Sunnyvale","CA","Light","N/A","large blue light with no sound; was unable to move","5/14/02"
"12/18/75 00:30","Clermont","IN","Disk","10 minutes","Disk-shaped saucer over house w/ a lazer light focused on home","6/9/09"
"12/16/75 21:00","Cranberry Ortage (Canada)","MB","Disk","1 hour","Me and two of my friends were snowmobiling on lake atapapuskow and then we stop for a cigarette when we saw a light coming toward us we","8/24/04"
"12/7/75 11:45","Jacksonville","FL","Triangle","3-5 MINUTES","WHILE WALKING ON ATLANTIC BOULEVARD IN JACKSONVILLE I WITNESSED A BOOMERANG SHAPED OBJECT ALMOST COLLIDE WITH A COMMERCIAL AIRLINER","1/28/99"
"12/1/75 22:30","Louisville","KY","Fireball","4mins","bright orange ,very high in space,going from south to the north--going a a fast speed!","11/21/10"
"12/1/75 04:00","Hollywood","CA","Disk","1 minute?","Classic Saucer over Hollywood at Christmas Season 1975","4/15/00"
"12/1/75 02:00","Edgewater","FL","Fireball","1 hour","lg glowimg ball Florida 1975  S. of Edgewater  after midnight maybe around 2:00 for an hr. jit looked floating ground level","1/17/04"
"11/27/75 16:30","Reno/Stead","NV","Disk","5 min","Disk shaped craft hovering above house in Stead, Nevada","12/19/03"
"11/25/75 23:00","Unspecified location in WV","WV","Triangle","10 min","Mercedes shaped red UFO","11/21/10"
"11/20/75 20:00","Yonkers","NY","Light","15 minutes","A fast object in the night sky","4/9/04"
"11/20/75 17:00","Hudson","NY","Unknown","30 sec?","I was alone, travelling north east on a local side road (Harry Howard Ave.) coming out of Hudson and on my way home from one of our bus","9/15/05"
"11/20/75 01:00","Miami","FL","Oval","3 hours","At 01:00 hrs looking out my room window I saw about 14 lights moving in the sky, they  began to pair off and move in diffrent direction","7/5/99"
"11/16/75 03:00","Miami","FL","Teardrop","1 hour","UFO lights in night sky, one came down and was wittnessed by young girl.","11/19/12"
"11/15/75 23:00","Miami","FL","Disk","3 to 4 min","The object ws sighted from the cockpit of a Choey Lee sloop, docked by a condo on a causwat between Miami &amp; Miami Beach. It first appea","12/14/04"
"11/15/75 23:00","Townsend","MA","Circle","20 minutes","Bright object resembling a full moon with strobe like chaser lights going around the bottom. Used a spot light then left.","10/30/06"
"11/15/75 21:30","Girard","OH","Oval","45seconds?","low flying oval light with zig zag bands on it .","6/20/05"
"11/15/75 21:00","Anderson","IN","Disk","5 minutes","Large craft with lights and whirring sound. Object stopped mid air. Lights sequenced. Object darted and stopped twice.","3/21/03"
"11/15/75 20:00","Albany","NY","Circle","30 seconds","UFO Sighting Occurred: 11/?/1975 approx 8:00pm EST Location: Albany, NY Shape: Bright, White light Duration: approx 30 seconds  I just","2/14/08"
"11/15/75 20:00","Catskill","NY","Formation","20 seconds","On my way across the rip van winkle bridge with my mother as a passenger we stopped my truck when we saw multiple dark gray football sh","12/12/11"
"11/13/75 21:15","Woodbridge","VA","Circle","10 min","BRIGHT OBJECTS  CHASED INTO BELMONT BAY","5/11/05"
"11/13/75 21:00","Falls Church","VA","Circle","5 min","circular,bright multicolored lights rotating around middle of object","9/2/05"
"11/9/75 21:15","Beloit","WI","Disk","30 seconds","a friend and i were walking north thru a field between afton road and and the kruger golf course to meet a third friend. the sky was cl","8/5/01"
"11/5/75 00:00","Winslow","AZ","Fireball","3 minutes","SAW A BLUE FIREBALL  CROSS THE HIWAY IN WINSLOW,ARIZONA   IN 1977","4/18/12"
"11/1/75 23:00","Ware Shoals","SC","Circle","5-10 minutes","Large UFO flies within 50 feet of surprised bystander.","1/10/09"
"11/1/75 17:00","Natchez","MS","Oval","20 SECONDS","LARGE GLOWING OVAL SHAPED CRAFT NO IDENTIFING MARKINGS.WENT FROM HOVERING OVER TREES TO THE HORIZON MILES AND MILES AWAY IN ABOUT 2 SEC","7/16/03"
"11/1/75 02:00","Camp Pendelton","CA","Flash","45 seconds","On Camp Pendelton a UFO zig-saged across the base and zoomed off at the speed of light.","10/27/04"
"10/30/75 21:00","Kent","CT","Circle","10 seconds","Very low flying object with spinning multicolors. Craft did not seem to spin and had fire coming from rear. Low muffled fire sound.","12/23/02"
"10/30/75 20:00","Allen","KY","Disk","2-3 minutes","seen while searching for family members during trick or treat on 31rst of october. heard weird sound, saw streams from rear of craft.va","10/19/99"
"10/28/75 18:00","Cleves","OH","Cigar","don't know about thirty m","As I was driving down Bridgetown Rd. to pick up my son from Taylor High, while going down hill, I saw an object in the sky, it was the","10/31/03"
"10/25/75 22:25","Muscatine (area approx. 7mi south)","IA","Circle","10 to 12 sec","A formation of approx. 16 round fire orange guided craft entered the western sky at &quot;10 o'clock&quot; attitude. As I was watching the clear ","4/2/99"
"10/24/75 22:00","Baytown","TX","Light","10-15 MINUTES","THE OBJECT KEPT PACE WITH OUR CAR ALL THE WAY HOME.","4/16/05"
"10/21/75 23:20","Indian Rocks Beach","FL","Light","10 seconds","Shooting star stops, reverced direction, loops back and then shoots off into night.","10/31/08"
"10/20/75 22:00","Enterprise","AL","Other","two minutes","Very low, very slow flying, silent, black trapezoid viewed by 4 family members for about two minutes","4/16/05"
"10/20/75 03:15","Watkins Glen","NY","N/A","10 minutes","Large wheel of no substance flickering and copying itself.","2/12/04"
"10/20/75 01:30","McDermott","NV","Sphere","3 hours","A large, glowing ball that changed colors, and drifted overhead and to the South and West of me.","8/5/12"
"10/17/75 19:00","Greenwich","CT","Circle","10 minuts","i made me feel it was a living thing.  that it was alive","12/12/09"
"10/15/75 23:00","Collinsville","AL","Triangle","15 minutes","It was like something out of star wars","7/16/03"
"10/15/75 22:00","Ryegate (south of)","MT","Circle","1 hour","10/15/75. Round shape, extremely bright white light, took off (up) when I told it to &quot;come get me&quot;.","10/31/03"
"10/15/75 19:30","Montpelier/Burlington (between)","VT","Other","5 minutes","1970s cop sees massive UFO in rural Vermont","8/30/13"
"10/15/75 19:00","Monroe","NY","Disk","1 minute","Flying saucer lifts off from field without a sound or trace.","10/10/11"
"10/15/75 19:00","Swannanoa","NC","Other","15 minutes","Mother and children witness dome-shaped object with lights ascending from the ground and hovering overhead","8/5/01"
"10/15/75 18:30","Anniston","AL","Circle","15 minutes","Blue and round.","1/16/15"
"10/15/75 18:00","Williston","ND","Disk","5 Minutes","Missing Time","12/16/05"
"10/15/75 18:00","Nesconset","NY","Disk","3 minutes","Large quiet craft,  moving at a very low altitude, heading east over Suffolk County, New York.","2/14/08"
"10/15/75 17:00","Scituate","RI","Circle","10 minutes","Object with orange lights moves straight up in sky to nothingness.","12/16/05"
"10/15/75 16:00","Marianna","FL","Disk","5 minutes","Flying Disk seen in Fl Panhandle","9/24/03"
"10/15/75 16:00","Batesville","MS","Sphere","10 min","Shiny Silver Sphere seen for about 10 minutes in rural North Mississippi circa 1975","6/12/08"
"10/15/75 16:00","Marion","KS","Light","2 seconds","We saw a green object zoom across the sky going at least several thousand mile per hour.","8/12/08"
"10/15/75 06:30","Killeen","TX","Changing","3-4 min.","Odd occurance over Ft. Hood, Texas","10/27/04"
"10/15/75 03:30","Polland Junction","AZ","Circle","30 min","4  of us saw the object while living near Prescott Arizona","6/21/00"
"10/15/75 03:00","Rockville","MD","Disk","1-2 hours","Abduction middle of night encounter human atired in US Military Uniforms (Airforce) experience some type of Brain Surgery!","12/2/00"
"10/15/75 02:30","Rockville","MD","Disk","2 hours at least","Floating abduction out of bed into a silver saucer; US military human beings on board, some kind of head surgery performed.","8/5/12"
"10/13/75 16:30","Warwick","RI","Disk","20 minutes","Silent enormous disc shaped craft.","6/13/14"
"10/10/75 17:00","North Charleston","SC","Light","5-6 minutes","Several Flashing UFO lights over Charleston Naval Base in S.C.","2/14/08"
"10/1/75 22:00","Maricopa","AZ","Changing","20 min","Group of 4 Orange Objects land near hills just west of small town of Maricopa Arizona... Oct, 1975","1/21/08"
"10/1/75 21:00","Kincheloe Air Force Base, Michigan","MI","Triangle","15 seconds","Shaped like the letter &quot;A&quot;, flew directly over top of us at est 500 ft.","2/16/00"
"9/29/75 21:00","St. Agatha","ME","Light","10 minutes","moved and stopped across the horizon at incredible rate of speed","8/24/04"
"9/25/75 22:30","Little Valley","OR","Light","5 minutes","Two headlights following the canal road, rises into the air, goes a ways, lights fade out and disappear without any sound.","4/4/14"
"9/23/75 02:00","Weston","CT","Circle","5 MINS","BRIGHT LIGHT WATCHING US SLEEP 2:00 AM THEN GONE HIGH RATE OF SPEED WESTON CT PRIVATE HOME","2/1/07"
"9/20/75 19:00","Wimberley","TX","Light","10 minutes","A very bright light moving very quickly and erradically in the southern sky chased by two air force jets.","8/28/02"
"9/20/75 18:30","Roscommon","MI","Oval","35 min","Bright light in the sky, amazing speed and menuvers","9/29/04"
"9/15/75 23:00","Berlin Heights/Huron","OH","Light","45 minutes","Ufo attracted and responded to flashlight from aprox.60-80 miles away.","10/2/99"
"9/15/75 21:30","Pennsville","NJ","Disk","5 min.","Red, saucer shaped aerial phenomenon of unconventional configuration with no audible propulsion.","3/19/02"
"9/15/75 18:30","North Branch","NJ","Chevron","??","Matte black chevron-shaped object hovering silently over median of I-78, with downward spotlights.","7/23/03"
"9/15/75 18:00","Haines City","FL","Disk","10 minutes","silver saucer hovering over an orange grove.","2/18/01"
"9/12/75 18:00","Anderson","IN","Triangle","2 minutes","helicoptor with a spot light on (posibly a police Jetranger) flying Nth towards us at 100 to 150 ft altitude. ufo makes a  non banking","9/29/04"
"9/11/75 21:00","Grand Coulee","WA","Cigar","10 minutes","My uncle and I were outside walking his dogs.  He worked for a major airplane manufacturer in washington, and was over visiting.  we sa","7/30/02"
"9/10/75 19:45","Meriden","CT","Disk","2 Hours?","A very large yellow-orange disk hovered above the trees before appearing to degrade to a small round white light as it flew away. There","4/2/99"
"9/9/75 15:00","Vineland","NJ","Disk","10 minutes","Broad daylight, at the People's Bank.  metallic silver saucer.  Wide band around center w/ rows of lights flashing different colors, ma","5/3/00"
"9/5/75 20:00","Sonoma Mountain","CA","Light","10 minutes","We found ourselves looking at a huge, round, pure, white light as big as a mansion, hovering over the retreat.","6/18/04"
"9/4/75 02:00","Union Grove","AL","Cigar","20 minutes","Two brothers observe cigar-shaped UFO late at night after work.","2/14/10"
"9/4/75 00:00","Palmyra","NJ","Circle","10 mins","Object was seen flying at high altitude above drive in projection screen in the distance.","8/30/99"
"9/1/75 22:00","Valencia","CA","Oval","15 minutes","In Valencia, Ca. the craft I was watching, was watching me.","12/7/06"
"9/1/75 20:00","Fullerton (north of Anaheim...i.e.Disneyland)","CA","Other","thirty min","The craft resembled a large balloon. I mean it had a basket, and some type of revolving cone-thing. Now put a cone on its side, the con","2/16/99"
"9/1/75 20:00","Independence","MO","Disk","1 min","disk shape revolving around tv tower","2/14/06"
"8/30/75 22:00","White Bird","ID","Light","15-20 minutes","UFO Pinball?","12/3/04"
"8/30/75 22:00","White Bird","ID","Light","15-20 minutes","It looked somewhat like UFO Pinball in the sky","8/5/12"
"8/20/75 22:00","Joppa","MD","Circle","30 min","we saw 6 or more small crafts orangey red doing maneuvers for approx.  30 min in maryland","8/12/08"
"8/20/75 16:30","Brewster","NY","Cylinder","5 sec.","Sometime during an August sunday afternoon, I spotted an object at the intersection of Rt. 684 and I84 at  Brewster, NY. This occurred ","2/24/01"
"8/20/75 07:00","Orange Lake","FL","Disk","30sec","a gray disk with a shinny rail  on which a wheel turned","3/2/04"
"8/20/75 02:00","Jackson","NJ","Triangle","3 min","3 triangular shaped objects, with flashing red and green lights, accelerated out of site within a few seconds.","7/16/06"
"8/20/75 01:00","Fort Wayne (just outside of)","IN","Other","15 seconds","Triangular shaped craft spotted on highway outside of Fort Wayne.  Rest Area janitor coroborates sighting","10/31/03"
"8/19/75 21:00","Portland","OR","Disk","5 minutes","A disc shaped craft that appeared to be made of metal.","5/15/13"
"8/19/75 01:00","Santa Barbara","CA","Disk","15 minutes","multiple ship sighting in Santa Barbara","1/17/04"
"8/17/75 23:00","Dalton","MA","Circle","15 minutes","I was about 12 years old when this event happened. I walked into my yard at about 11 o'clock when all of a sudden everything became ext","3/19/09"
"8/16/75 21:00","Indianapolis","IN","Triangle","2 minutes","Triangular object,got within 200 feet,stopped in mid air,took off like a rocket and dissapeared,never made any noise.","6/12/08"
"8/16/75 20:00","Highlands","TX","Fireball","3 min","Ball of light like a roman candle","9/15/05"
"8/15/75 23:00","Solomon","KS","Fireball","15 seconds","very clear night, came from west to east directly above trees across street from where I was standing, it stopped twice as it traveled ","7/14/99"
"8/15/75 23:00","Terre Haute","IN","Circle","1-3 min.","Smoke ring type cloud seen moving rapidly north","1/11/02"
"8/15/75 22:00","Hamilton (Canada)","ON","Disk","5 minutes","Red and white or white and red running lights.","9/11/15"
"8/15/75 22:00","Fildale","VA","Triangle","1 hour","Multiple ,Three color, Triangular objects at high altitude and high speed I have seen twice 30 yrs apart.","10/30/06"
"8/15/75 20:15","Lapeer","MI","Other","3 minutes","Helicopter shaped object with twirling red &amp; yellow lights over head, 150' above ground and running silent.","2/14/10"
"8/15/75 20:00","Albion","NY","Cigar","2-5 minutes","This craft was not from this Earth.","11/20/01"
"8/15/75 19:30","McKenzie","TN","Cone","3-5 minutes","Observed two shiny objects which resembled a child's top flying west to east in the twilight.","1/28/99"
"8/15/75 18:00","Beverly","MA","Disk","2 min","Large hovering disk with lights over Beverly Commons Cemetary","12/7/06"
"8/15/75 18:00","Grenada","MS","Disk","30 minutes","3 UFO's over Grenada Lake;  Mississippi","7/4/12"
"8/15/75 06:00","Orange Lake","FL","Disk","15sec","gray shaped like 1/3 ball top of disk rotated but not 360 degrees it roated clockwise then counter clockwise several degrees moving ver","9/12/03"
"8/15/75 03:00","Kingman","AZ","Cylinder","3 min.","stationary rocket shaped approx. 6 levels of windows,some lit. setting horizontal in sky. no noise.1/4 mile away.mountain background, p","6/20/05"
"8/15/75 02:00","Ricketts Glen SP","PA","Other","15 MINUTES","Viewing an apparent satellite movement, it instantly reversed direction on the same track.","4/16/05"
"8/15/75 01:00","Luning (closest town)","NV","Disk","10-15 minutes","the color size, and the being looking out the window of the ufo at us","12/16/05"
"8/15/75 00:00","Brigham City (west of)","UT","Disk","5-8 minutes","Orange glowing Saucer terrorized Cowboy his cowdog and four horses.weeks later a rangefire in spot where saucer last seen.","12/23/13"
"8/12/75 20:00","Anthony","KS","Teardrop","15  seconds","It was sitting in a field, a few feet from the road.  When we got beside it, the lights came on with a giant sound and lifted up.","2/18/01"
"8/10/75 18:00","River Ridge","LA","Circle","2 minutes","Bright orange object in front of woods","1/17/04"
"8/8/75 22:00","Dekalb","IL","Light","10 sec.","at 10:00 pm I saw a pin point of light slowly descending into a area were there nothing for miles but cornfields","4/16/05"
"8/7/75 21:30","Walla Walla","WA","Light","Approx. 3 Minutes","A bright greenish white light hovered about 2000 feet high, then began moving &amp; flew rapidly w/o sound over the Blue Mtns of NE Oregon","5/2/11"
"8/5/75 18:31","Richmond","VA","Egg","5 minutes","On August 5, 1975, at 6:31 P.M., while I was riding a bicycle, I stopped, along with my friend to watch a beautiful UFO. It was undergo","3/19/09"
"8/5/75 16:35","Richmond","VA","Oval","2 minutes","I saw a big UFO ship, August 5, 1975, four or so city blocks high ; it seemed to create clouds, and I saw the mechanical functions.","4/16/05"
"8/4/75 14:00","Bristolville","OH","Disk","About 1 Hour","On a summer day, in broad daylight, at a public park on a busy road, numerous witnesses, missing time and my brand new VW.","11/21/10"
"8/2/75 17:00","James Island (Charleston)","SC","Disk","2 to 3 hours","In 1975 I lived on James Island, S.C. I was about 8 or almost 9 months pregnant.  It ws almost dark and I headed home which was swampy","10/20/05"
"8/1/75 20:30","Pittsburgh (Mckees Rocks, southwest of)","PA","Fireball","10-15 min.","We were enjoying the evening sunset, as it glistened off the USX towers downtown Pittsburgh, in a north easterly direction. When we all","11/2/99"
"8/1/75 18:00","Ravenna (near  West Branch State Park)","OH","Cylinder","20 min","5 of us were standing outside talking, I felt as though someone was looking at me, I turned around and saw it it was'nt moving, then st","1/28/99"
"8/1/75 14:30","Savannah","GA","Cigar","2-3 seconds","Golden cigar shaped UFO.  ((NUFORC Note:  Report from MUFON Field Investigator and former Section Director.  PD))","8/7/07"
"8/1/75 13:00","Bantam","CT","Circle","10 minutes","Circular object with White around it and yellow in the middle.","11/6/15"
"8/1/75 12:00","Lopez Island","WA","Circle","4 seconds","Moon shaped/size glowing object in straight trajectory","2/18/11"
"8/1/75 04:00","Sunland","CA","Egg","10 minutes","Shimmering, iridescent ovoid over Sunland, CA emits brilliant flash and disappears","7/4/12"
"8/1/75 03:15","Port Washington","WI","Disk","2 minutes","Enormous red-orange glowing craft rural area of WI.","6/4/14"
"8/1/75 03:00","Cornwall (Canada)","ON","Disk","20 mina","I spotted a ufo slow glidding over hydro lines, then a second one behing it, 10 - 15 minutes later there is one over the house.","7/25/04"
"7/22/75 21:00","Cranston","RI","Light","20 min","religious connection","3/4/08"
"7/22/75 21:00","Raleigh","NC","Unknown","25 seconds","((HOAX??))  saw 5or 6 lights circling overhead object  blocked out stars. 500 Lights On Object0: Yes","8/7/07"
"7/22/75 02:00","Indiana","PA","Cone","3-4 hr","cone  - orange  ball on top orange cone then changing to yellow with yellow ball on bottom","5/27/03"
"7/21/75 00:30","Murphysboro","IL","Unknown","30 sconds","We had just finished playing a ballgame in Murphysboro, Illinois and began our trip home to Decatur. We were driving through the Shawne","4/18/12"
"7/20/75 20:30","Tupelo","MS","Cigar","10-12 sec","Tupelo man  observes cigar-shaped craft","7/23/00"
"7/20/75 12:00","Blackstone","MA","Disk","15 minutes","On a clear sunny day we observed a round black-appearing stationary disk near a cloud overhead for five minutes when it accelerated","4/16/05"
"7/20/75 01:30","Albion","NY","Light","1 hour","A bright blue-white light that hovered for almost an hour then quickly zoomed away.","7/25/04"
"7/19/75 23:30","Spokane","WA","Sphere","3 mins","Orange glowing ball (sphere) seen in Spokane sky in the Summer of 1975","4/13/10"
"7/18/75 19:00","Dumas","TX","Oval","10 min","Three oval shaped objects in open field.","2/24/07"
"7/15/75 23:00","Grinnell","IA","Rectangle","15-20 minutes","Interesting odor case, unique perhaps in the &quot;glob&quot; description emanating from UFO.","12/2/00"
"7/15/75 22:00","Dover","NJ","Other","2 hours at least","07/15/1975  Dover,NJ Apprx 12 boomerang shape disks w/red center light hovering 2 hrs.1 larger than others.02/25/05","4/16/05"
"7/15/75 22:00","Turbeville","SC","Light","30 minutes","I was walking outside of our property to go to another building when a mint green light about the height of a telephone poll was glowin","4/27/03"
"7/15/75 22:00","Yakima Firing Center, Yakima","WA","Triangle","10 minutes","Trianglular shape of light seen during military training exercise in 1975.","7/23/15"
"7/15/75 21:00","Smithland","KY","Triangle","approx 10mins","I noticed 5 amber light in the shape of a triangle moving from east to west.","4/22/03"
"7/15/75 21:00","Reseda","CA","Formation","10 seconds","Dove Shaped Ships that Glowed Green in mid-1970s","1/12/12"
"7/15/75 21:00","Raleigh","NC","Disk","8 Min","UFO seen in 1975 on a desserted hwy. in NC","10/7/03"
"7/15/75 21:00","Summerside (Canada)","PE","Rectangle","5 minutes","A silent, floating, rectangular object the size of a football field, skimming the tops of buildings.","12/12/09"
"7/15/75 20:30","Estes Park","CO","Light","15 seconds","A bright, fast moving light is chased by a military fighter jet.","11/11/13"
"7/15/75 20:00","Brea","CA","Unknown","15-20 minutes","A light in the sky which first moved South to North, stopped briefly then moved again West til out of sight.","8/30/13"
"7/15/75 20:00","Wittman","MD","Triangle","15 minutes","Came within 2 objects working in tandem - came within a few feet of one of then","4/12/13"
"7/15/75 19:00","Decatur","IL","Disk","three minutes","Please no follow up info","8/11/04"
"7/15/75 18:30","Triadelphia","WV","Disk","4 minutes","Craft hovered over the pond, silently with its lights on.","5/2/11"
"7/15/75 18:30","Ramsey","MN","Disk","1-2 Minutes","Disk Shaped Craft Hovering over Farm","8/24/04"
"7/15/75 17:00","Birmingham","AL","Disk","3 minutes","CLEAR DAYLIGHT SKY  SILVER SAUCER WITH BLINKING LIGHTS  OLD SPRINGVILLE RD 1975","2/14/08"
"7/15/75 17:00","Morehead","KY","Circle","5 or 6 min.","This changed the way I look at things forever and no one can tell me that I didn't see what I saw. NO ONE","12/3/04"
"7/15/75 16:00","Green Bay","WI","Triangle","15 sec","blacktriangles,hoovering or moving very slowly should of dropped out of the sky,no sound.no exhaust,day time sighting moved very fast.","10/30/06"
"7/15/75 14:00","Paul/Burley (Near)","ID","Cigar","5 min","Large cigar shaped craft seen stationary at high altitude. Then zoomed off.","7/5/99"
"7/15/75 13:00","Flathead Lake","MT","Disk","3 minutes","UFO rising out of Flathead Lake&#8230;","3/18/14"
"7/15/75 09:30","Mason","MI","Teardrop","2-4 minutes","I saw a bright silver, top shaped craft, which was stationary, and it affected my radio, and then reaslly moved fast.","9/2/05"
"7/15/75 05:00","Angleton","TX","Sphere","5 minutes","Massive spherical object glowing bright orange between Bailey's Prairie, TX and Angleton, TX.","9/24/12"
"7/15/75 01:30","Pound","VA","Disk","30 minutes","Hovered without sound- moved at a slow speed and accelerate at extrodinary speed.","10/30/06"
"7/15/75 00:00","Ottawa (Canada)","ON","Sphere","10 minutes","Low Level Brightly Lighted Sphere Hovering in a Residential Neighbourhood","7/4/12"
"7/15/75 00:00","Ottawa (Canada)","ON","Circle","5 Minutes","Returng home about midnight I encountered a meter diameter sphere hovering about 10 ft over the road.","12/2/00"
"7/14/75 21:00","Girard","MI","Unknown","@ 45 minutes","have watched the lights .. come ... go.. .bright ...split and disappear","2/8/05"
"7/13/75 19:30","Shoreline","WA","Egg","5 minutes","When driving north on I-5 just north of Seattle we noticed a group of persons standing on the side of the freeway pointing and looking","7/4/12"
"7/11/75 22:00","Cassville","WI","Unknown","N/A","Sheriff Deputies and Police Officers watched hovering UFO for Hours.","6/4/14"
"7/11/75 20:00","Mt. Hope","WI","Triangle","unknown","A night in Wisconsin that a small group of people will never forget with a flying triangle craft above our car.","3/19/02"
"7/10/75 23:45","Dartmouth (Canada)","NS","Sphere","3-4 minutes","Orange Glowing Balls","1/29/02"
"7/10/75 19:00","Marlborough","CT","Disk","30 Minutes","UFO sighting of a mother ship over our secluded country farm house.","2/18/01"
"7/10/75 01:00","Manchester","CT","Unknown","30-60 min","Nightime visitation in Connecticut-1973; this was a probable abduction. 500 Lights On Object0: Yes","11/28/07"
"7/8/75 22:30","Midway/Marion","KY","Other","20 mm","this was a big square building that shined like new tin a light came around it then it went away no sound no flash nothing","3/21/03"
"7/8/75 22:00","Bellevue","WA","Cigar","1 minute","UFO over Drive end Movie Theatre","8/11/04"
"7/7/75 19:00","Fort Washakie","WY","Light","20 seconds","lights that appear to be stars, blending in with the night stars","3/19/09"
"7/5/75 23:00","Franconia Notch","NH","Cone","7-8 min","cigar shaped  metalic object with faint lights on outline","12/9/03"
"7/4/75 14:00","Golden","CO","Sphere","15 seconds","Bright blue sphere emanating light appeared to move south and east across horizon.","10/11/05"
"7/4/75 13:00","Marley Park","MD","Circle","2 MINUTES","White ball (about the size of a kick ball)hovers for a minute or two moving slow and then it was gone!","5/15/06"
"7/4/75 10:00","Fair Haven","NY","Sphere","3 to 4 Min.","7 spheres in a formatin hovered above us, traveled at a high rate of speed,changed color","9/24/03"
"7/1/75 20:00","Kansas City","MO","Oval","2-3 minutes","Object over south Kansas City, MO. Lights on bottom, flying low.","12/7/06"
"7/1/75 17:00","Baysville (Canada)","ON","Other","10 minutes","About 50 ft. orange saucer with cup on top with no sound when it moved down lake and shot up in the air.","1/7/15"
"7/1/75 16:00","Toronto (Canada)","ON","Other","1 or 2 hours?","Sphere with Lion's Head Hatch lands - I'm swtiched off and lose time.","2/18/01"
"7/1/75 16:00","Marsh Creek","CA","Cigar","5-10 min","Purplish cigar shaped craft 300-350 long came to 50 ft away, 2 min hovered then sped off at rapid speed.","8/12/08"
"7/1/75 13:20","Sandy Springs/Pendleton","SC","Light","1.0 hr","someone practicing flying,learning,data logging.crazy moves from ufo.","4/14/09"
"7/1/75 09:00","Coarsegold","CA","Circle","12 seconds","Small white light pursuing large green disc or ball.","10/31/03"
"7/1/75 03:00","Salt Lake City","UT","Light","5 or 6 secs.","Light streaked across the horizon faster than any jet aircraft.","4/27/04"
"6/30/75 00:00","Greenwich","CT","Sphere","30 seconds","this was a long time ago about 1974-1976 dont know. then i found this site and decided to report it","2/14/08"
"6/30/75 23:00","Angeles Crest Forest","CA","Light","45 minutes","A light follows a car with further  light anomaly events in a forest.","3/13/12"
"6/30/75 23:00","El Monte","CA","Other","3 seconds","it was a dark winter eve. 2 round disk appeared on the horizon and flew from SW traveling NE very fast no noise. im a pilot","2/14/08"
"6/30/75 21:30","Lancaster","PA","Unknown","10 mins","Both my wife and I worked at the Park City Mall, and were just coming home from work on a warm, humid summer night.  We lived in an apa","2/1/07"
"6/30/75 21:00","Windsor","NC","Disk","2 minutes?","Disk-shaped object with glowing red dome hovered a few feet from the ground, came close, then shot off.","12/12/09"
"6/30/75 20:00","Miami Beach","FL","Light","5 minutes","10 bright lights move slowly north across south beach sky in 1975","10/31/03"
"6/30/75 20:00","Miami","FL","Sphere","20-30 mins","Corroborating Witness","8/24/04"
"6/30/75 20:00","Anderson","SC","Circle","5 minute","no noise, with no light, but with white glow, no markings, very close to ground and moving slow 1974-75","1/21/08"
"6/30/75 17:00","Denison","IA","Unknown","2 minutes","Red Geometic &quot;Amebia&quot;","11/8/05"
"6/30/75 13:00","Keys","FL","Other","1 minute","Metallic vertical blimp-shaped object","10/30/06"
"6/30/75 13:00","Bourbonnais/Bradley","IL","Oval","40 mins.","A blue, oval shaped craft with glowing panels through the center flying in odd patterns and hovering around the area.","4/27/07"
"6/30/75 11:00","Louisville","KY","Circle","10 minutes","MY SISTER,MY YOUNG DAUGHTER AND I WAS DRIVING ON I 64 GOING WEST WHEN I LOOKED UP AND SAW THIS CRAFT HOVERING OVER THE LEFT FENDER OF M","7/16/06"
"6/30/75 09:30","Springfield","MO","Circle","20 min","Very close and very vivid","6/12/08"
"6/30/75 08:30","Oklahoma City","OK","Circle","1 hour","They're here and always have been I know I've seen them and talk with them we r not along.","1/16/15"
"6/30/75 07:00","Carleton (Canada)","QC","Disk","1:00","silver metalic","6/9/09"
"6/30/75 03:00","Kimberly","WI","Triangle","20 minutes","Black triangle sighted in 1975, Kimberly, Wisconsin.","4/11/14"
"6/30/75 01:00","Fairmont","MN","Cigar","5 minutes","saw an extremely large cigar shaped ship moving slowly and very close to the ground.","6/12/08"
"6/30/75 00:00","Rocky Point","NY","Light","15 min","Moving light viewed from a house in Rocky Point.","7/16/06"
"6/30/75 00:00","Yorba Linda","CA","Formation","1 hour","I am reporting this years later. One night I could not sleep, and so I was looking outside my window from the couch I slept on at my gr","4/4/14"
"6/23/75 21:00","Arlington","TX","Triangle","8 minutes","Three rounded, triangular objects leisurely moving from West to North over an 8-minute period.","4/16/05"
"6/23/75 21:00","Arlington","TX","Triangle","1 minute","Triangular object with at least 5 round dim lights moving from West at very slow pace.","4/27/07"
"6/23/75 21:00","Arlington","TX","Triangle","8 minutes","The three craft slowly came in from the west and turned north.","4/2/99"
"6/22/75 09:00","Lincoln","IL","Oval","15 min","light in northeast sky","7/16/03"
"6/21/75 13:00","Sunbury","PA","Triangle","3 minutes","Triangle shaped UFO stopped in sky then accelerated at great speed","9/10/14"
"6/21/75 12:00","Rock Island","IL","Other","30 seconds","UFO remained stationary for 30 seconds then went straight up at extreme high rate of speed.","8/25/16"
"6/20/75 00:00","Warren","OH","Circle","afternoon","my name is Guy back in school I was vic anyway I lived in warren Ohio, most of my life and back in the 1970s we had a lot  of sightings","4/16/05"
"6/20/75 23:30","Bedford","MA","Light","5 minutes","saw one flashing light in sky similar to aircraft lights on wings, saw 3 other similar lights flashing, all came together as one, took ","8/30/99"
"6/20/75 12:00","Brainerd (near)","MN","Cigar","2 Minutes","This is confirming the sighting from a previous post","1/10/09"
"6/20/75 11:30","Spokane (14 Miles North of) , Deer Park (1/2 mile south of)","WA","Disk","10 Min.","Disc shaped object, approximatly 100 ft in air. large light and a strob in center. around 20-30 ft deep.","8/5/01"
"6/20/75 02:00","Brainerd (near)","MN","Circle","15 minutes","Witnessed three circle of lights, pulsating at times and stationary at first, when moving moved at tremendeous speed and erratic moveme","4/2/99"
"6/20/75 02:00","East Grand Forks","MN","Light","5.sec","Has bothered me for years. I know what I saw. Cannot describe it here. I am 53 now and never will forget it. If you are interested in m","3/19/09"
"6/15/75 00:00","Scarborough","ME","Disk","2 hours","UFO at Portland Twin Drive-in, scarbough (sic.  Scarborough), Maine.  Looking for anyone who was there 1975.","3/6/15"
"6/15/75 23:00","Scotts","MI","Oval","unknown","It was the summer of 1975. I was 11 years old. At the parental urging of my mother, she had insisted that I clean my room spotless that","5/15/13"
"6/15/75 23:00","Angeles Crest","CA","Other","4 hours","Seen by two observers - sphere of light -one only-no color -white -background was night  on forest road -","7/16/06"
"6/15/75 22:00","Richmond","VA","Disk","30 minutes+","Was heading Southbound on Interstate as a passenger in back of car, saw object behind us and it was making manuevers that no known airc","9/12/99"
"6/15/75 22:00","Burna","KY","Light","N/A","sister tells child hood story of abduction","3/21/03"
"6/15/75 22:00","Florence","SC","Rectangle","45 min","first spotted thought was a helicopter with search light. As it came closer we noticed that there was no sound and was traveling extrea","7/16/03"
"6/15/75 21:00","Levittown","PA","Light","4-5 seconds","1 small bright light appeared to be chased by another.","5/15/13"
"6/15/75 21:00","Joliette (Canada)","QC","Other","2min@","i dont speak anglish very well so i'm gonna try the best i can . i have so much details to tell but i dont have enough words in eng","2/24/07"
"6/15/75 21:00","Detroit","MI","Triangle","20 min watch","Craft was dark grey/gun metal, both small &amp; large lights on under belly no sound. Moving along the Southfied Freeway","2/16/00"
"6/15/75 20:00","Trujillo Alto (Puerto Rico)","PR","Oval","3-5 minutes","I SAW A FLYING OBJECT STANDING IN THE SKY WITH AN OVAL DIAMOND SHAPE AND ORANGE GLOW COLOR","8/5/01"
"6/15/75 20:00","Minneapolis","MN","Triangle","5 minutes","Sighting of triangle object and caveman (yeah, I know--sounds like I am out of my mind, but there were two of us)","4/16/05"
"6/15/75 19:00","Hancock County","MS","Disk","8-10 minutes","1975 or it could have been 1974. Full summer. June or July about 1900 hours. Traveling east bound on the Kiln Delisle Road. A Part of t","6/24/15"
"6/15/75 18:30","Nulato","AK","Light","half an hour","Light floating around people in village of Alaska","5/2/03"
"6/15/75 18:30","Riverside","CT","Disk","2 minutes","Hovering saucer seen during daylight by many witnesses","3/10/11"
"6/15/75 18:00","Reisterstown","MD","Formation","45 minutes","Saw est. 200-300+ halo style craft flying from SW/NE in the Greenspring Valley area - 1974-1975","11/11/13"
"6/15/75 16:00","Baton Rouge","LA","Disk","1.5 hours","Object hovered over Baton Rouge a long time then shot away","6/12/08"
"6/15/75 13:00","Fulton","NY","Disk","1 minute","My sister, friend and I riding bicycles along a country road when we stopped  at a stream. We looked up and saw a disc shaped object wh","4/27/03"
"6/15/75 12:30","Noxen","PA","Cigar","30 seconds","bright silver 75-100 ft long cigar shape, dark horizontal slits hovering silent 50-75 ft alt. over Schooley's Peak Noxen, PA.","4/13/10"
"6/15/75 10:00","Rifle","CO","Disk","N/A","LIGHTS OVER HAVERY GAP","5/15/06"
"6/15/75 05:00","Praire Creek","IN","Unknown","5 minutes","Just the wierdest feeling , like telepathy","7/16/03"
"6/15/75 03:00","Hallandale","FL","Disk","5 minutes","i live on the ocean in a high-rise condominium.at approximately 3am i awoke and walked over to the living room where my terrace overloo","7/16/03"
"6/15/75 02:00","Cocoa Beach","FL","Triangle","7min","Very large very slow moving triangle shaped craft, no sound east bound over B-line Expswy between Orlando&amp; Cocoa Bch , June-July 1975","8/7/07"
"6/10/75 22:00","Albany","NY","Light","One Minute","Bright Light","7/4/12"
"6/10/75 22:00","Millville","NJ","Unknown","6 seconds","Big object, low to the ground made no sound, concaved lit up underneath center ,","4/15/16"
"6/10/75 20:00","Rockdale","TX","Other","1 hour","I cannot swear this was a UFO, but would like to compare our &quot;sighting&quot; with others to see what they think.","12/2/00"
"6/10/75 02:30","Roberts Creek Mtn. (30m N. Ely)","NV","Unknown","00:03:00  min.","White light w/electrical failure","9/4/03"
"6/10/75 02:00","Albany","NY","Cigar","5 min","Albany NY 1975 varified sighting of multicolored flying object capable of high speed manuvers.","7/13/05"
"6/9/75 22:00","St. George (Canada)","ON","Disk","2 minutes","our neighbour was walking from the barn to the house when a flying saucer  with many colored lights suddenly hovered about 50 feet dire","6/18/04"
"6/8/75 21:00","Winchester","IN","Fireball","3 hours","ORB, small craft;  3 or 4 of us seen this.","4/18/12"
"6/6/75 22:00","Lexington","KY","Circle","20 minutes","laser lights in kentucky","12/7/06"
"6/6/75 17:00","Charlotte","NC","Disk","20 minutes","This disk with various colors of light 'oozing' around the bottom section was seen just above the trees at the corner Dotger Avenue and","10/8/07"
"6/1/75 23:59","Nashville","TN","Light","seconds","sudden burst of brilliant yellow light","12/20/00"
"6/1/75 23:00","Minneapolis","MN","Triangle","4 min","Large trinagular craft spotted over Mpls, MN in 1975","7/5/08"
"6/1/75 23:00","Longview","TX","Disk","30 minutes","Sighting of Summer 1975 in Longview, Texas","3/19/02"
"6/1/75 22:00","Sedro-Woolley","WA","Circle","5-10","mid 70's 3colored dimming, brightening lights following Skagit River, Washington","2/14/06"
"6/1/75 22:00","Sciotoville","OH","Other","15-20 minutes","Large circular cluster of lights, approximately 25-30' wide, approx. 100' above the ground was observed.","1/10/09"
"6/1/75 22:00","Grandview (Canada)","MB","Rectangle","30 minutes","as i think back on the year it happened i was 8 going on 9 my mother brought me and my two brothers outside because we lived just in a","2/14/08"
"6/1/75 22:00","Clovis","NM","Unknown","a few minutes","Saw oscillating light from a distance streak to the left then up and to the right out of sight so fast I could hardly believe what I ha","2/16/99"
"6/1/75 22:00","Kennett Square","PA","Other","1/2 hour","House sized cube on axis, colored lights pulsing, moving slowly about 25 feet off the ground","3/19/02"
"6/1/75 21:30","Grand Island","NY","Oval","3 hr's","five foot ball field size ufo's grand Island N.Y.1975+abduction!","8/16/02"
"6/1/75 21:30","Robstown","TX","Oval","10 MINS","A  HUGE UFO!","5/9/03"
"6/1/75 21:00","Newnan","GA","Sphere","1 minute","A glowing orange circle/sphere hovered, split in half, exploded into fire, came back together and sunk back into the horizon","1/21/08"
"6/1/75 21:00","Central","OK","Fireball","30 sec","Fireball observed at night","9/17/00"
"6/1/75 21:00","Goffstown","NH","Sphere","N/A","i was coming home from the boysclub riding my bike then then brite object like the color of a tail pipe near the engine but very brite ","10/28/02"
"6/1/75 21:00","Carthage","TX","Unknown","5 seconds","I'm an amateur astronomer - a neighbor &amp; I were out in the back yard with my 6 inch reflector - we both saw it (not thru the scope) - i","5/11/05"
"6/1/75 20:30","Kenmore","NY","Oval","45 seconds","My UFO most likely same seen in Kenmore NY June 1, 1975 listed on your site alot like lake erie ufo. I have since purchased 19 Tremaine","6/12/08"
"6/1/75 20:30","Kenmore","NY","Disk","45 minutes","dark blue craft, ufo kenmore ny 1975 200' in the air 45 minutes","8/16/02"
"6/1/75 20:00","Surrey (Canada)","BC","Light","2 minutes","Date and time is an estimate. I was 15 years old at the time, we were walking down the street looking into the sky. The discription as ","4/28/01"
"6/1/75 20:00","Williams","CA","Oval","15 min","2 gold /yellow oval /egg shaped  lights","10/31/08"
"6/1/75 19:00","Half Moon Bay","CA","Oval","5 min","Bright starlike object  near hovered horizon  than ascended very fast.","7/16/03"
"6/1/75 19:00","Silver Spring","PA","Disk","10-15 minutes","Followed a light in the sky, until we saw it hovering and we parked under it, till it shot off again out of sight.","12/12/11"
"6/1/75 19:00","Denver","CO","Circle","1 minute","two bright round very near each other.","1/22/04"
"6/1/75 18:46","Cannon AFB/Clovis","NM","N/A","7+-days","unidentified flying objects sighted around Cannon AFB and Clovis NM. The rough year was 1975/1976.","1/28/99"
"6/1/75 18:00","Scott AFB/Centralia (between)","IL","N/A","5-10 min.","i have missing time saw no craft was with wife at time was headed to her mothers in mt vernon ill.realized we had time we couldn`t acco","4/2/99"
"6/1/75 18:00","Milford","MA","Disk","15 seconds","saucer shaped craft closely and clearly viewed for 15 seconds before disappearing in a streak at an incredible rate of speed","3/19/09"
"6/1/75 15:00","Milwaukee","WI","Changing","10mins? or more","The hovercraft that watched our game","6/18/03"
"6/1/75 13:00","Cold Spring","NY","Oval","15 minutes","bluish-grey oval - very fast , over Hudson River - watched for a long time","9/2/05"
"6/1/75 13:00","Youngstown","OH","Circle","about 5 minns","I was about 7 ( which i know may be met with skeptisims), but i was on my  back porch in a goverment housing project known as the Kimbl","12/16/05"
"6/1/75 12:00","Lakewood","CA","Cigar","2 seconds","Metallic cigar shape in east darts across noon sky into western horizon in nano-second..","5/15/13"
"6/1/75 12:00","Nashville","TN","Triangle","5min","a large black triangular shaped craft that hovered with small birds circling all around it (maybe a Thunderbird sighting)","8/5/01"
"6/1/75 12:00","Daleville","IN","Disk","00:20","Saucer lands on farm","8/5/01"
"6/1/75 12:00","Cerritos","CA","N/A","1-2 minutes","A car struck an invisible object causing the car to come to a complete stop.","3/19/09"
"6/1/75 03:00","Iowa City","IA","Disk","10 minutes","Silver disk high in blue sky over Iowa 1975","2/1/07"
"6/1/75 02:00","Benton Harbor","MI","Disk","3 hrs","Glowing disk shaped object hovering in same position for hrs. at times dissapear  then soon reappearing in same place .","5/12/10"
"6/1/75 00:10","Douglas","AZ","Circle","30 minutes","F4 Fighter-Intercepters scrambled to intercept object at over 90,000 foot altitude","9/2/05"
"5/30/75 20:00","Mountain Top","PA","Triangle","20","Baseball field size. Triangular shape. Rotating lights. No noise. Just rose up and eventually disappeared into stars.","1/24/14"
"5/25/75 23:00","Rochester","NY","Flash","10 seconds","Prior to the full lunar eclipse I clearly saw an impact on the moon at the 11 o'clock portion of the moon followed by a much smaller af","4/26/99"
"5/25/75 17:00","Delroy","OH","Triangle","2 to 3 minutes","We observed a large, glowing, triangular object hover noislessly obove a hill across the lake.","2/16/99"
"5/23/75 17:00","San Antonio","TX","Disk","45 seconds","I was sitting on a barrel in the middle of the arena holding the reigns of my horse who began to walk around spooked a bit I look up an","6/18/04"
"5/15/75 20:00","Lithia Springs","GA","Disk","5 min","A friend and i were riding down by the chattahoochee river right at dusk(on lower river road). When i saw a light off in the distance .","9/4/03"
"5/15/75 16:00","Pomeroy","WA","Disk","20 min","saucer shaped very white.","4/28/01"
"5/15/75 13:00","Denton","TX","Other","2 minutes","bright red, heart shaped vehicle flying above tree tops mid-afternoon on a clear, sunny day day","8/5/09"
"5/15/75 01:00","Little Rock","AR","Cigar","2:00","I came to a four way stop sign headed east, I looked to my left and noticed something in the sky, low moving fast about in a 15 degree ","4/15/00"
"5/7/75 02:00","Lodi","OH","Light","02:15","It was about 2:00AM I was seven years old, I look out the window when I herd a noise that was behind the the house it was a round red l","12/9/00"
"5/5/75 02:00","Jacksonville","NC","Sphere","Approx.4minutes","Silent rocking 4ft silver sphere hovering 2ft of the ground with tremendous takeoff speed.","9/15/05"
"5/1/75 17:00","Reno","NV","Disk","2 minutes","A disk shape hovering over my apartment building in broad daylight in a busy city.","1/3/01"
"5/1/75 02:40","Alexandria","VA","Fireball","2 seconds","Pretty sure this was nothing other than a Meteor but it hit probaly a few miles from my house or thats the way it looked at least ..was","5/4/04"
"4/25/75 00:00","Oil City","PA","Disk","2-3 minutes","UFO over Oil City, PA 1975","12/5/01"
"4/23/75 03:45","Kettering","OH","Disk","90 minutes","multi coloured disc landed in kettering ohio","12/19/03"
"4/20/75 17:00","Mount Vernon","VA","Oval","3 minutes","I was about 12 yrs old and saw this oval object hovering, silently, over my home, near Ft. Belvior, VA. It had circles around its diame","4/2/99"
"4/18/75 07:40","Waterford","PA","Disk","17 minutes","I saw what I thought was a small odd looking plane but realized as it got closer it was no plane.","5/15/06"
"4/15/75 02:00","Tifton","GA","Sphere","15 Seconds","Spring of 1975, 20 miles North of Tifton, Ga. at 2AM while driving South on I-75","10/11/05"
"4/15/75 02:00","Onalaska","WI","Disk","~2 minutes","I saw it in the night sky after coming home with my parents from a late party at my uncle's house. The craft was just hovering there fo","2/16/99"
"4/15/75 01:30","Highway location","FL","Light","N/A","Large bright ship with four smaller ships put on an arial show for me and others on Florida highway.","9/4/03"
"4/15/75 00:00","Florida (central)","FL","Sphere","N/A","Huge globe which changed colors, and moved incredibly quickly, but silently.","10/27/04"
"4/12/75 07:00","Houston","TX","Unknown","30 sec.","Unusual movements observed of a bright object flying over the Houston skyline.","10/31/03"
"4/10/75 22:00","Gilkey","NC","Disk","50 seconds","went walking dog with two brothers,on what is now chilly bowl road,right about at train tracks we stopped to let her run,alarge disc sh","5/12/09"
"4/1/75 23:00","Waterford","CT","Circle","40 minutes","A Summer Date in July 1979 Near Millstome Power Plant","3/23/11"
"4/1/75 20:00","Reno","NV","Cigar","two minutes","A cigar-shaped craft about 100-200 feet, hovering, yellowish-orange with red and white lights. 500 Lights On Object0: Yes","4/27/07"
"4/1/75 19:30","New Boston","TX","Light","30 minutes","In 1975 while having a cookout for the residents of out apartment complex I witnessed 5 lighs in a V- shaped flying pattern.THey did no","6/12/08"
"4/1/75 07:00","St. Marys","PA","Cigar","seconds","Cigar shaped ufo hovering over St. marys pa then shot across sky about 1975","1/21/08"
"3/20/75 16:00","Carlsbad","CA","Disk","20 seconds","3 flying saucers hovering above a flower field in clear daylight","2/14/08"
"3/15/75 21:00","Cowiche","WA","Circle","2-3 minutes","Yakima UFO in 1975","1/10/09"
"3/15/75 19:00","New Cambria (2 Miles SE of)","KS","Rectangle","1 hour","SPRING 1975 - Central Kansas - 2 Aliens","3/9/04"
"3/8/75 19:00","Detroit","MI","Sphere","5-7 minutes","Disc sighting in Detroit","2/14/08"
"3/7/75 19:00","Fort Lauderdale","FL","Disk","10 minutes","The craft hovered directly over a resturant called pier 66 about 50 to 100 feet above it.","9/12/03"
"3/6/75 21:00","Cowiche","WA","Disk","5-10 minutes","Beautiful Lights","11/9/04"
"3/1/75 21:00","Roseville","CA","Disk","1 minute","I saw a disk shaped saucer with dome on top with windows.  Lights were on.  In Roseville, trees on either side.","10/20/05"
"3/1/75 08:00","Fall City","WA","Unknown","6 hours","Possible abduction experience.  2 witnesses remember glimpses of inside of craft.This was reported to Peter Davenport late afternoo","4/16/05"
"2/18/75 23:00","Akin","IL","Triangle","2 hrs","Awoke to see red,blue and,white lights floating around the ceiling ran outside and seen a triangular shaped object hovering above the t","4/2/99"
"2/15/75 21:00","Mukwanago/Genesee (between)","WI","Chevron","40 minutes","Detailed sighting of Boomerang Shaped silent craft in Wisconsin in mid-70's","7/5/05"
"2/2/75 11:30","Pasco","WA","Sphere","thirty seconds","I listened to Mr Davenport and Art Bell this past saturday, a witness for Mr Davenport related an experience  while attending the hydro","1/22/04"
"1/17/75 18:00","Albany","NY","Light","10 minutes","Starlike objects","7/4/12"
"1/15/75 21:15","Springfield","PA","Unknown","20 seconds","Six or seven white lights in a row that turned red, then back to white and quickly flew away","3/11/06"
"1/15/75 19:00","Miami","FL","Light","3 MIN","1975 SIGHTING-CLOSER ENCOUNTER-2000","2/18/01"
"1/15/75 16:00","Cairo","NY","Triangle","35 min.","Silent Triangle viewed for half an hour.","2/12/04"
"1/15/75 16:00","Pipestone","MN","Sphere","5 minutes","1970's sighting of small UFO that hovered, maneuvered, split into two objects, then rejoined and flew off.","4/16/05"
"1/13/75 01:30","Uxbridge","MA","Light","5 - 10 mins.","Was driving South on Route 146 through Uxbridge, MA (Approx. 5 miles N of the Rhode Island border.) I was alone. Observed a bright whit","4/2/99"
"1/6/75 10:45","Lisle","IL","Disk","20 seconds","Large disk, with lights running around it, floated very low and silently across a field near Lakeside Dr in Lisle, IL.","7/31/15"
"1/4/75 22:40","Houston","TX","Disk","approx 1 min.","Witnesses saw a bluish-white-light emitting spherical object on the ground a few feet from the edge of a feeder road alongside IH45 So.","2/16/99"
"1/1/75 00:00","Durrells (Canada)","NF","Disk","15 sec","this object was saucer shaped it passed over my neighbours house,it was about 50 ft in diameter and I got an excellant view of the unde","1/31/11"
"1/1/75 20:00","Denver","CO","Disk","3 minutes","Flying saucer seen by 100 people at drive-in theater in Denver","12/23/02"
"1/1/75 19:00","Waverly Hall","GA","Sphere","5 - 10 min","Hovering Sphere","11/26/03"
"1/1/75 13:00","Silver Hill","MD","Disk","na","Smithsoinian &quot;Flying saucer.&quot;  ((NUFORC Note:  Comments about the object are invited.  PD))","2/24/07"
"1/1/75 12:00","Phoenix","AZ","Disk","5 minutes","Saucer sighting in 1970s near Phoenix, AZ.","3/19/09"
"1/1/75 03:00","Jamestown","NY","Sphere","a few minutes","I was 13-15.  I was in my parent house on Moon Rd., Woke up in the middle of the night.  Looked out the window. saw a SMALL round objec","3/7/98"
"1/1/75 01:00","Goree/Mineral Wells (between)","TX","Light","3-4 hours","saw a plane,bright light beside it then beind it then back beside it a 100 feet or so. 500 Lights On Object0: Yes","7/10/10"
